<ImportExportXml xmlns:xsi="http://www.w3.org/2001/XMLSchema-instance">
  <Entities></Entities>
  <Roles></Roles>
  <Workflows></Workflows>
  <FieldSecurityProfiles></FieldSecurityProfiles>
  <Templates />
  <EntityMaps />
  <EntityRelationships />
  <OrganizationSettings />
  <optionsets />
  <CustomControls />
  <EntityDataProviders />
  <CanvasApps>
    <CanvasApp>
      <Name>itc_theapp_e3951</Name>
      <AppVersion>2022-12-21T16:07:27Z</AppVersion>
      <Status>Ready</Status>
      <CreatedByClientVersion>3.22122.15.0</CreatedByClientVersion>
      <MinClientVersion>3.22122.15.0</MinClientVersion>
      <Tags>{"primaryDeviceWidth":"1366","primaryDeviceHeight":"768","supportsPortrait":"true","supportsLandscape":"true","primaryFormFactor":"Tablet","publisherVersion":"3.22122.15","minimumRequiredApiVersion":"2.2.0","hasComponent":"false","hasUnlockedComponent":"false","isUnifiedRootApp":"false","sienaVersion":"20221221T111443Z-3.22122.15.0"}</Tags>
      <IsCdsUpgraded>0</IsCdsUpgraded>
      <GalleryItemId xsi:nil="true"></GalleryItemId>
      <BackgroundColor>RGBA(0,176,240,1)</BackgroundColor>
      <DisplayName>TheApp</DisplayName>
      <Description xsi:nil="true"></Description>
      <CommitMessage xsi:nil="true"></CommitMessage>
      <Publisher xsi:nil="true"></Publisher>
      <AuthorizationReferences>[]</AuthorizationReferences>
      <ConnectionReferences>{"778b6e4f-95c1-4e5d-8f59-323839aede82":{"id":"/providers/microsoft.powerapps/apis/shared_itc-5fintegrationtest2-5f0ac69f0d50c17fb8","displayName":"IntegrationTest2","iconUri":"https://az787822.vo.msecnd.net/defaulticons/api-dedicated.png","dataSources":["laTest3"],"dependencies":[],"dependents":[],"parameterHints":{},"parameterHintsV2":{},"isOnPremiseConnection":false,"bypassConsent":false,"dataSets":{},"apiTier":"Standard","actions":["Invoke"],"customApiLogicalName":"itc_5Fintegrationtest2","isCustomApiSolutionAware":true}}</ConnectionReferences>
      <DatabaseReferences>{}</DatabaseReferences>
      <AppComponents>[]</AppComponents>
      <AppComponentDependencies>[]</AppComponentDependencies>
      <CanConsumeAppPass>1</CanConsumeAppPass>
      <CanvasAppType>0</CanvasAppType>
      <BypassConsent>0</BypassConsent>
      <AdminControlBypassConsent>0</AdminControlBypassConsent>
      <EmbeddedApp xsi:nil="true"></EmbeddedApp>
      <IntroducedVersion>1.0</IntroducedVersion>
      <CdsDependencies>{"cdsdependencies":[{"logicalname":"itc_5Fintegrationtest2","componenttype":372,"componenttypeplatformname":"connector"}]}</CdsDependencies>
      <IsCustomizable>1</IsCustomizable>
      <BackgroundImageUri>/CanvasApps/itc_theapp_e3951_BackgroundImageUri</BackgroundImageUri>
      <DocumentUri>/CanvasApps/itc_theapp_e3951_DocumentUri.msapp</DocumentUri>
    </CanvasApp>
  </CanvasApps>
  <Connectors>
    <Connector>
      <connectorid>4a1f848b-7d7f-4875-9c5f-0f52ca92f565</connectorid>
      <description>Integration Test</description>
      <displayname>IntegrationTest2</displayname>
      <iconbrandcolor>#007ee5</iconbrandcolor>
      <name>itc_5Fintegrationtest2</name>
      <connectortype>1</connectortype>
      <openapidefinition>/Connector/itc_5Fintegrationtest2_openapidefinition.json</openapidefinition>
      <connectionparameters>/Connector/itc_5Fintegrationtest2_connectionparameters.json</connectionparameters>
      <policytemplateinstances>/Connector/itc_5Fintegrationtest2_policytemplateinstances.json</policytemplateinstances>
      <iconblob>/Connector/itc_5Fintegrationtest2_iconblob.Png</iconblob>
    </Connector>
  </Connectors>
  <Languages>
    <Language>1033</Language>
  </Languages>
</ImportExportXml>