{"swagger":"2.0","info":{"title":"Default title","description":"Integration Test","version":"1.0"},"host":"replaceme","basePath":"/workflows/(replaceme)/triggers/manual/paths","schemes":["https"],"consumes":[],"produces":[],"paths":{"/invoke":{"post":{"responses":{"default":{"description":"default","schema":{"type":"object","properties":{"output":{"type":"string","description":"output","title":"","x-ms-visibility":"internal"}}}}},"summary":"Logic App Input","operationId":"Invoke","description":"Logic App Input","x-ms-visibility":"important","parameters":[{"name":"api-version","in":"query","required":false,"type":"string","default":"2016-10-01"},{"name":"sp","in":"query","required":false,"type":"string","default":"/triggers/manual/run"},{"name":"sv","in":"query","required":false,"type":"string","default":"1.0"},{"name":"body","in":"body","required":false,"schema":{"type":"object","properties":{"input":{"type":"string","description":"input"},"action":{"type":"string","description":"action"},"context":{"type":"string","description":"context"},"data":{"type":"string","description":"data","default":""}}}}]}}},"definitions":{},"parameters":{},"responses":{},"securityDefinitions":{"API Key":{"type":"apiKey","in":"query","name":"sig"}},"security":[{"API Key":[]}],"tags":[]}